mode,epoch_idx,t_s,rx_m,ry_m,rz_m,vx_mps,vy_mps,vz_mps,cb_m,cd_mps,truth_rx_m,truth_ry_m,truth_rz_m,truth_vx_mps,truth_vy_mps,truth_vz_mps,truth_cb_m,truth_cd_mps,cov_rx,cov_ry,cov_rz,cov_vx,cov_vy,cov_vz,cov_cb,cov_cd,pos_err_3d_m,vel_err_3d_mps,cb_err_m,cd_err_mps,innovation_rms_pr_m,innovation_rms_rr_mps,num_valid_sats,prediction_only,diverged,warning
epoch_wls,0,0.249999,nan,nan,nan,,,,nan,,-1635856.124414,5034612.062664,3546734.910197,-85.000000,120.000000,35.000000,120.095000,0.380000,,,,,,,,,nan,,nan,,nan,,0,,,insufficient valid pseudorange satellites for epoch WLS
epoch_wls,1,0.749999,nan,nan,nan,,,,nan,,-1635898.624414,5034672.062664,3546752.410197,-85.000000,120.000000,35.000000,120.285000,0.380000,,,,,,,,,nan,,nan,,nan,,0,,,insufficient valid pseudorange satellites for epoch WLS
epoch_wls,2,1.249999,nan,nan,nan,,,,nan,,-1635941.124414,5034732.062664,3546769.910197,-85.000000,120.000000,35.000000,120.475000,0.380000,,,,,,,,,nan,,nan,,nan,,0,,,insufficient valid pseudorange satellites for epoch WLS
epoch_wls,3,1.749999,nan,nan,nan,,,,nan,,-1635983.624414,5034792.062664,3546787.410197,-85.000000,120.000000,35.000000,120.665000,0.380000,,,,,,,,,nan,,nan,,nan,,0,,,insufficient valid pseudorange satellites for epoch WLS
epoch_wls,4,2.249999,nan,nan,nan,,,,nan,,-1636026.124414,5034852.062664,3546804.910197,-85.000000,120.000000,35.000000,120.855000,0.380000,,,,,,,,,nan,,nan,,nan,,0,,,insufficient valid pseudorange satellites for epoch WLS
epoch_wls,5,2.749999,nan,nan,nan,,,,nan,,-1636068.624414,5034912.062664,3546822.410197,-85.000000,120.000000,35.000000,121.045000,0.380000,,,,,,,,,nan,,nan,,nan,,0,,,insufficient valid pseudorange satellites for epoch WLS
epoch_wls,6,3.249999,-1636180.177150,5034700.583800,3546820.144157,,,,-31.391117,,-1636111.124414,5034972.062664,3546839.910197,-85.000000,120.000000,35.000000,121.235000,0.380000,,,,,,,,,280.819782,,-152.626117,,33.216192,,8,,,
epoch_wls,7,3.749999,-1636197.424516,5034788.111286,3546777.148210,,,,-49.688958,,-1636153.624414,5035032.062664,3546857.410197,-85.000000,120.000000,35.000000,121.425000,0.380000,,,,,,,,,260.523914,,-171.113958,,18.963903,,8,,,
epoch_wls,8,4.249999,-1636153.986088,5035097.748085,3546868.674954,,,,89.543904,,-1636196.124414,5035092.062664,3546874.910197,-85.000000,120.000000,35.000000,121.615000,0.380000,,,,,,,,,42.974886,,-32.071095,,21.475367,,8,,,
epoch_wls,9,4.749999,-1636242.362105,5035251.799935,3546892.473567,,,,154.589111,,-1636238.624414,5035152.062664,3546892.410197,-85.000000,120.000000,35.000000,121.805000,0.380000,,,,,,,,,99.807303,,32.784111,,30.324681,,8,,,
epoch_wls,10,5.249999,-1636289.031728,5035106.667187,3546892.524647,,,,62.389607,,-1636281.124414,5035212.062664,3546909.910197,-85.000000,120.000000,35.000000,121.995000,0.380000,,,,,,,,,107.112041,,-59.605392,,18.840217,,8,,,
epoch_wls,11,5.749999,-1636320.722849,5035202.443174,3546901.723041,,,,51.136338,,-1636323.624414,5035272.062664,3546927.410197,-85.000000,120.000000,35.000000,122.185000,0.380000,,,,,,,,,74.263870,,-71.048662,,49.491368,,8,,,
epoch_wls,12,6.249999,-1636450.941587,5035136.030500,3546896.065271,,,,-12.347071,,-1636366.124414,5035332.062664,3546944.910197,-85.000000,120.000000,35.000000,122.375000,0.380000,,,,,,,,,219.108167,,-134.722071,,40.024949,,8,,,
epoch_wls,13,6.749999,-1636297.757670,5035764.086865,3547073.997400,,,,349.994099,,-1636408.624414,5035392.062664,3546962.410197,-85.000000,120.000000,35.000000,122.565000,0.380000,,,,,,,,,403.912299,,227.429100,,94.524871,,8,,,
epoch_wls,14,7.249999,-1636379.032016,5035538.051923,3547018.553469,,,,153.979767,,-1636451.124414,5035452.062664,3546979.910197,-85.000000,120.000000,35.000000,122.755000,0.380000,,,,,,,,,118.679270,,31.224767,,27.597713,,8,,,
epoch_wls,15,7.749999,-1636368.780120,5035193.174441,3546818.522070,,,,-162.945546,,-1636493.624414,5035512.062664,3546997.410197,-85.000000,120.000000,35.000000,122.945000,0.380000,,,,,,,,,386.363506,,-285.890546,,145.998275,,8,,,
epoch_wls,16,8.249999,-1636598.054987,5035572.035928,3547004.617747,,,,111.063616,,-1636536.124414,5035572.062664,3547014.910197,-85.000000,120.000000,35.000000,123.135000,0.380000,,,,,,,,,62.780021,,-12.071383,,32.487327,,8,,,
epoch_wls,17,8.749999,-1636569.645983,5035797.192816,3547099.185539,,,,250.886042,,-1636578.624414,5035632.062664,3547032.410197,-85.000000,120.000000,35.000000,123.325000,0.380000,,,,,,,,,178.346644,,127.561042,,29.629732,,8,,,
epoch_wls,18,9.249999,-1636625.363835,5035585.224357,3547025.806877,,,,53.252025,,-1636621.124414,5035692.062664,3547049.910197,-85.000000,120.000000,35.000000,123.515000,0.380000,,,,,,,,,109.605504,,-70.262974,,19.300286,,8,,,
epoch_wls,19,9.749999,-1636673.604144,5035841.647593,3547092.240265,,,,209.976328,,-1636663.624414,5035752.062664,3547067.410197,-85.000000,120.000000,35.000000,123.705000,0.380000,,,,,,,,,93.496454,,86.271328,,10.996951,,8,,,
epoch_wls,20,10.249999,-1636733.117621,5035671.208446,3547039.256643,,,,-8.598945,,-1636706.124414,5035812.062664,3547084.910197,-85.000000,120.000000,35.000000,123.895000,0.380000,,,,,,,,,150.508441,,-132.493945,,475.249021,,8,,,
epoch_wls,21,10.749999,-1636854.391933,5036322.853071,3547221.243183,,,,486.626732,,-1636748.624414,5035872.062664,3547102.410197,-85.000000,120.000000,35.000000,124.085000,0.380000,,,,,,,,,478.037695,,362.541732,,836.504788,,8,,,
epoch_wls,22,11.249999,-1636808.973540,5035914.477592,3547018.645314,,,,66.035424,,-1636791.124414,5035932.062664,3547119.910197,-85.000000,120.000000,35.000000,124.275000,0.380000,,,,,,,,,104.318755,,-58.239575,,540.257958,,8,,,
epoch_wls,23,11.749999,-1636273.659015,5033651.861312,3546525.770958,,,,-1878.998617,,-1636833.624414,5035992.062664,3547137.410197,-85.000000,120.000000,35.000000,124.465000,0.380000,,,,,,,,,2482.781942,,-2003.463617,,1123.098345,,8,,,
epoch_wls,24,12.249999,-1637041.453029,5036571.458113,3547415.471831,,,,685.465125,,-1636876.124414,5036052.062664,3547154.910197,-85.000000,120.000000,35.000000,124.655000,0.380000,,,,,,,,,604.150269,,560.810126,,928.589453,,8,,,
epoch_wls,25,12.749999,-1636870.594735,5036039.494685,3546809.495963,,,,-137.576652,,-1636918.624414,5036112.062664,3547172.410197,-85.000000,120.000000,35.000000,124.845000,0.380000,,,,,,,,,373.201961,,-262.421651,,143.198522,,8,,,
epoch_wls,26,13.249999,-1636911.199980,5036345.311616,3547255.117130,,,,199.900054,,-1636961.124414,5036172.062664,3547189.910197,-85.000000,120.000000,35.000000,125.035000,0.380000,,,,,,,,,191.727913,,74.865054,,23.047841,,8,,,
epoch_wls,27,13.749999,-1636901.015253,5036626.461473,3547333.788339,,,,271.973767,,-1637003.624414,5036232.062664,3547207.410197,-85.000000,120.000000,35.000000,125.225000,0.380000,,,,,,,,,426.673758,,146.748767,,138.740744,,8,,,
epoch_wls,28,14.249999,-1637081.310262,5036367.770965,3547249.476239,,,,169.177447,,-1637046.124414,5036292.062664,3547224.910197,-85.000000,120.000000,35.000000,125.415000,0.380000,,,,,,,,,87.024601,,43.762448,,130.066063,,8,,,
epoch_wls,29,14.749999,-1637027.158989,5036191.169636,3547077.617695,,,,-22.754433,,-1637088.624414,5036352.062664,3547242.410197,-85.000000,120.000000,35.000000,125.605000,0.380000,,,,,,,,,238.371839,,-148.359433,,51.607158,,8,,,
epoch_wls,30,15.249999,-1637132.907686,5036790.503166,3547093.869431,,,,329.453550,,-1637131.124414,5036412.062664,3547259.910197,-85.000000,120.000000,35.000000,125.795000,0.380000,,,,,,,,,413.267384,,203.658550,,82.624730,,8,,,
epoch_wls,31,15.749999,nan,nan,nan,,,,nan,,-1637173.624414,5036472.062664,3547277.410197,-85.000000,120.000000,35.000000,125.985000,0.380000,,,,,,,,,nan,,nan,,nan,,0,,,insufficient valid pseudorange satellites for epoch WLS
epoch_wls,32,16.249999,nan,nan,nan,,,,nan,,-1637216.124414,5036532.062664,3547294.910197,-85.000000,120.000000,35.000000,126.175000,0.380000,,,,,,,,,nan,,nan,,nan,,0,,,insufficient valid pseudorange satellites for epoch WLS
epoch_wls,33,16.749999,nan,nan,nan,,,,nan,,-1637258.624414,5036592.062664,3547312.410197,-85.000000,120.000000,35.000000,126.365000,0.380000,,,,,,,,,nan,,nan,,nan,,0,,,insufficient valid pseudorange satellites for epoch WLS
epoch_wls,34,17.249999,nan,nan,nan,,,,nan,,-1637301.124414,5036652.062664,3547329.910197,-85.000000,120.000000,35.000000,126.555000,0.380000,,,,,,,,,nan,,nan,,nan,,0,,,insufficient valid pseudorange satellites for epoch WLS
epoch_wls,35,17.749999,-1637236.742928,5038195.213684,3547222.832830,,,,690.704570,,-1637343.624414,5036712.062664,3547347.410197,-85.000000,120.000000,35.000000,126.745000,0.380000,,,,,,,,,1492.206461,,563.959570,,325.152604,,8,,,
epoch_wls,36,18.249999,-1637401.968767,5036417.429523,3547308.699947,,,,-97.346302,,-1637386.124414,5036772.062664,3547364.910197,-85.000000,120.000000,35.000000,126.935000,0.380000,,,,,,,,,359.409655,,-224.281301,,121.072729,,8,,,
epoch_wls,37,18.749999,-1637437.667669,5036680.962743,3547292.410515,,,,14.790935,,-1637428.624414,5036832.062664,3547382.410197,-85.000000,120.000000,35.000000,127.125000,0.380000,,,,,,,,,176.104825,,-112.334065,,22.969804,,8,,,
epoch_wls,38,19.249999,-1637438.936412,5036804.680900,3547464.565359,,,,72.142824,,-1637471.124414,5036892.062664,3547399.910197,-85.000000,120.000000,35.000000,127.315000,0.380000,,,,,,,,,113.366354,,-55.172176,,40.492476,,8,,,
epoch_wls,39,19.749999,-1637533.920957,5037247.750309,3547539.768891,,,,277.243504,,-1637513.624414,5036952.062664,3547417.410197,-85.000000,120.000000,35.000000,127.505000,0.380000,,,,,,,,,320.647444,,149.738504,,33.272055,,8,,,
epoch_wls,40,20.249999,-1637552.339572,5037137.170388,3547520.333062,,,,217.904347,,-1637556.124414,5037012.062664,3547434.910197,-85.000000,120.000000,35.000000,127.695000,0.380000,,,,,,,,,151.536575,,90.209347,,36.122677,,8,,,
epoch_wls,41,20.749999,-1637532.782881,5037221.176535,3547537.183418,,,,203.641163,,-1637598.624414,5037072.062664,3547452.410197,-85.000000,120.000000,35.000000,127.885000,0.380000,,,,,,,,,183.729565,,75.756164,,9.875379,,8,,,
epoch_wls,42,21.249999,-1637574.055168,5037301.175591,3547442.238184,,,,222.846454,,-1637641.124414,5037132.062664,3547469.910197,-85.000000,120.000000,35.000000,128.075000,0.380000,,,,,,,,,184.019581,,94.771454,,89.366505,,8,,,
ekf_pr_only,0,0.249999,nan,nan,nan,nan,nan,nan,nan,nan,-1635856.124414,5034612.062664,3546734.910197,-85.000000,120.000000,35.000000,120.095000,0.380000,nan,nan,nan,nan,nan,nan,nan,nan,nan,nan,nan,nan,nan,nan,0,1,0,pre-init epoch before first valid WLS initialization
ekf_pr_only,1,0.749999,nan,nan,nan,nan,nan,nan,nan,nan,-1635898.624414,5034672.062664,3546752.410197,-85.000000,120.000000,35.000000,120.285000,0.380000,nan,nan,nan,nan,nan,nan,nan,nan,nan,nan,nan,nan,nan,nan,0,1,0,pre-init epoch before first valid WLS initialization
ekf_pr_only,2,1.249999,nan,nan,nan,nan,nan,nan,nan,nan,-1635941.124414,5034732.062664,3546769.910197,-85.000000,120.000000,35.000000,120.475000,0.380000,nan,nan,nan,nan,nan,nan,nan,nan,nan,nan,nan,nan,nan,nan,0,1,0,pre-init epoch before first valid WLS initialization
ekf_pr_only,3,1.749999,nan,nan,nan,nan,nan,nan,nan,nan,-1635983.624414,5034792.062664,3546787.410197,-85.000000,120.000000,35.000000,120.665000,0.380000,nan,nan,nan,nan,nan,nan,nan,nan,nan,nan,nan,nan,nan,nan,0,1,0,pre-init epoch before first valid WLS initialization
ekf_pr_only,4,2.249999,nan,nan,nan,nan,nan,nan,nan,nan,-1636026.124414,5034852.062664,3546804.910197,-85.000000,120.000000,35.000000,120.855000,0.380000,nan,nan,nan,nan,nan,nan,nan,nan,nan,nan,nan,nan,nan,nan,0,1,0,pre-init epoch before first valid WLS initialization
ekf_pr_only,5,2.749999,nan,nan,nan,nan,nan,nan,nan,nan,-1636068.624414,5034912.062664,3546822.410197,-85.000000,120.000000,35.000000,121.045000,0.380000,nan,nan,nan,nan,nan,nan,nan,nan,nan,nan,nan,nan,nan,nan,0,1,0,pre-init epoch before first valid WLS initialization
ekf_pr_only,6,3.249999,-1636180.177150,5034700.583800,3546820.144157,-62.798307,222.692144,58.827461,-31.391117,63.071042,-1636111.124414,5034972.062664,3546839.910197,-85.000000,120.000000,35.000000,121.235000,0.380000,24586.512992,24360.277051,25967.229536,1225.000000,1225.000000,1225.000000,5480.943111,64.000000,280.819782,107.732722,-152.626117,62.691042,33.216192,nan,8,0,0,
ekf_pr_only,7,3.749999,-1636198.643832,5034834.973515,3546809.471261,-62.541729,223.306534,57.983398,-6.704907,63.021838,-1636153.624414,5035032.062664,3546857.410197,-85.000000,120.000000,35.000000,121.425000,0.380000,5540.925626,11781.025111,6241.077388,1209.405485,1205.887182,1211.215708,4765.943070,63.879883,207.771563,108.188957,-128.129907,62.641838,33.202595,nan,8,0,0,
ekf_pr_only,8,4.249999,-1636197.477673,5034981.500473,3546837.754515,-59.814257,226.652923,57.974678,28.231618,62.862992,-1636196.124414,5035092.062664,3546874.910197,-85.000000,120.000000,35.000000,121.615000,0.380000,3264.914931,9685.925789,4203.493984,1149.412346,1130.455914,1157.297034,4362.745345,63.364339,116.646363,111.968761,-93.383382,62.482992,48.702723,nan,8,0,0,
ekf_pr_only,9,4.749999,-1636235.407781,5035117.894050,3546863.522987,-63.597806,231.958904,57.773647,67.616816,62.687669,-1636238.624414,5035152.062664,3546892.410197,-85.000000,120.000000,35.000000,121.805000,0.380000,2567.240579,8732.377467,3532.190117,1039.510019,994.102143,1047.725289,4053.741798,62.423572,44.858799,116.238931,-54.188184,62.307669,72.398376,nan,8,0,0,
ekf_pr_only,10,5.249999,-1636269.007962,5035207.352583,3546895.970456,-61.841168,222.226206,57.615554,97.623290,63.278250,-1636281.124414,5035212.062664,3546909.910197,-85.000000,120.000000,35.000000,121.995000,0.380000,2449.981260,8382.720908,3433.257753,906.179449,849.337551,916.204871,3830.335028,61.347265,19.060683,107.228690,-24.371710,62.898250,54.888578,nan,8,0,0,
ekf_pr_only,11,5.749999,-1636304.174352,5035308.011415,3546928.278216,-63.395396,221.297342,60.092352,123.603026,63.081140,-1636323.624414,5035272.062664,3546927.410197,-85.000000,120.000000,35.000000,122.185000,0.380000,2465.327998,8055.406544,3320.033344,762.300343,700.193990,753.941868,3646.225228,60.240168,40.882406,106.571743,1.418027,62.701140,70.901053,nan,8,0,0,
ekf_pr_only,12,6.249999,-1636342.695152,5035411.591688,3546959.831395,-65.782601,219.956154,61.147112,152.976877,63.055187,-1636366.124414,5035332.062664,3546944.910197,-85.000000,120.000000,35.000000,122.375000,0.380000,3288.375954,8801.781908,4112.932499,730.241523,666.363231,719.462055,3722.946416,60.005662,84.240360,105.091449,30.601877,62.675187,92.305560,nan,8,0,0,
ekf_pr_only,13,6.749999,-1636368.802359,5035525.495008,3546989.771246,-63.517506,220.296032,60.483076,186.539795,63.140474,-1636408.624414,5035392.062664,3546962.410197,-85.000000,120.000000,35.000000,122.565000,0.380000,4161.655887,9715.489865,5067.952899,675.927902,623.622560,675.021670,3832.030849,59.666684,141.910583,105.689067,63.974796,62.760474,120.812982,nan,8,0,0,
ekf_pr_only,14,7.249999,-1636388.447480,5035623.261671,3547032.204647,-59.731593,217.851862,64.661060,213.805832,62.931412,-1636451.124414,5035452.062664,3546979.910197,-85.000000,120.000000,35.000000,122.755000,0.380000,3334.989534,8892.271620,4195.854168,457.715779,434.119615,451.783357,3729.777377,57.995237,189.663406,105.324536,91.050832,62.551412,62.097749,nan,8,0,0,
ekf_pr_only,15,7.749999,-1636411.688518,5035724.537215,3547057.781350,-57.726960,216.957315,63.224462,240.820825,62.750395,-1636493.624414,5035512.062664,3546997.410197,-85.000000,120.000000,35.000000,122.945000,0.380000,4070.944838,9619.765853,4905.428496,429.457537,406.611384,421.675299,3883.148274,57.775957,235.592025,104.599999,117.875826,62.370395,146.918409,nan,8,0,0,
ekf_pr_only,16,8.249999,-1636499.061710,5035801.184270,3547086.119613,-72.416169,212.424041,63.996629,260.949821,62.345126,-1636536.124414,5035572.062664,3547014.910197,-85.000000,120.000000,35.000000,123.135000,0.380000,3167.303450,8775.876021,4090.281641,292.928738,300.116624,292.947758,3801.319865,56.270935,242.777955,97.679889,137.814821,61.965126,92.211309,nan,8,0,0,
ekf_pr_only,17,8.749999,-1636544.193986,5035883.675242,3547119.627944,-74.388228,207.654156,64.656334,289.580040,62.423221,-1636578.624414,5035632.062664,3547032.410197,-85.000000,120.000000,35.000000,123.325000,0.380000,2737.856990,8188.130673,3580.028288,221.506232,240.859463,217.892976,3711.084648,54.822808,268.516814,93.141606,166.255040,62.043221,48.240701,nan,8,0,0,
ekf_pr_only,18,9.249999,-1636590.633889,5035946.575464,3547146.919826,-76.109774,202.603206,65.212356,302.194850,61.385774,-1636621.124414,5035692.062664,3547049.910197,-85.000000,120.000000,35.000000,123.515000,0.380000,2320.469175,7834.796274,3251.915303,168.340790,203.862427,172.371382,3666.925414,53.519105,274.075365,88.403124,178.679851,61.005774,88.812736,nan,8,0,0,
ekf_pr_only,19,9.749999,-1636637.777576,5036024.999003,3547171.696660,-77.854957,199.411898,64.238398,325.276626,61.027306,-1636663.624414,5035752.062664,3547067.410197,-85.000000,120.000000,35.000000,123.705000,0.380000,2158.478774,7619.638243,3095.589894,138.135739,178.668926,142.484686,3661.453553,52.299686,293.322298,84.924585,201.571626,60.647306,41.104393,nan,8,0,0,
ekf_pr_only,20,10.249999,-1636680.949535,5036123.749571,3547202.564215,-78.671952,199.514338,64.116282,354.090303,60.901941,-1636706.124414,5035812.062664,3547084.910197,-85.000000,120.000000,35.000000,123.895000,0.380000,2568.976836,8283.946759,3498.994081,135.746420,176.612771,138.793044,3903.491751,52.238343,334.103233,84.913674,230.195303,60.521941,358.552011,nan,8,0,0,large pseudorange innovation
ekf_pr_only,21,10.749999,-1636737.830166,5036216.367464,3547223.905014,-81.829999,199.294357,62.597094,377.657498,60.437134,-1636748.624414,5035872.062664,3547102.410197,-85.000000,120.000000,35.000000,124.085000,0.380000,2607.824200,8454.357632,3198.651859,119.718478,161.374769,113.483242,4079.804274,51.794395,365.271546,84.019305,253.572498,60.057134,905.541187,nan,8,0,0,large pseudorange innovation
ekf_pr_only,22,11.249999,-1636793.328427,5036309.829604,3547227.845753,-84.243744,199.591507,58.367255,398.421722,59.799235,-1636791.124414,5035932.062664,3547119.910197,-85.000000,120.000000,35.000000,124.275000,0.380000,2723.046679,8686.273780,2996.077895,108.464612,149.483221,95.802393,4300.694993,51.465466,392.890319,82.954256,274.146722,59.419235,486.904935,nan,8,0,0,large pseudorange innovation
ekf_pr_only,23,11.749999,-1636834.891111,5036408.457414,3547259.348439,-84.153008,199.447793,58.775821,427.837773,59.759567,-1636833.624414,5035992.062664,3547137.410197,-85.000000,120.000000,35.000000,124.465000,0.380000,3150.764695,9401.528988,3329.905868,106.698755,147.652909,93.615546,4614.230535,51.430921,433.883772,82.933461,303.372774,59.379567,2092.475945,nan,8,0,0,large pseudorange innovation
ekf_pr_only,24,12.249999,-1636878.627355,5036500.879794,3547290.822766,-84.398020,198.364515,59.142958,457.475954,59.779424,-1636876.124414,5036052.062664,3547154.910197,-85.000000,120.000000,35.000000,124.655000,0.380000,3604.515259,10161.094735,3656.476091,104.753494,145.717927,90.765592,4951.154420,51.388418,468.951285,82.001475,332.820954,59.399424,952.127847,nan,8,0,0,large pseudorange innovation
ekf_pr_only,25,12.749999,-1636915.377276,5036602.943473,3547313.742614,-83.581598,199.273751,58.334509,482.040462,59.351468,-1636918.624414,5036112.062664,3547172.410197,-85.000000,120.000000,35.000000,124.845000,0.380000,3996.749129,10955.866570,4058.717409,100.815424,143.783227,88.917323,5277.169918,51.128036,510.832032,82.648888,357.195462,58.971468,273.843462,nan,8,0,0,
ekf_pr_only,26,13.249999,-1636931.320963,5036673.068089,3547352.337535,-79.925451,198.237949,60.915309,474.732199,56.566500,-1636961.124414,5036172.062664,3547189.910197,-85.000000,120.000000,35.000000,125.035000,0.380000,2884.505549,10196.390208,3610.090953,68.531777,122.850648,70.509974,5074.680037,47.934944,527.519973,82.574396,349.697199,56.186500,150.460600,nan,8,0,0,
ekf_pr_only,27,13.749999,-1636965.726100,5036774.264797,3547385.256282,-79.203123,198.795922,61.348368,498.931341,56.237399,-1637003.624414,5036232.062664,3547207.410197,-85.000000,120.000000,35.000000,125.225000,0.380000,3124.800185,10876.807725,3917.661226,65.672133,120.923471,68.548765,5377.298413,47.558749,571.881689,83.286480,373.706341,55.857399,210.004703,nan,8,0,0,
ekf_pr_only,28,14.249999,-1637007.958561,5036866.037707,3547415.342463,-79.514293,198.148460,61.411863,522.803395,55.942087,-1637046.124414,5036292.062664,3547224.910197,-85.000000,120.000000,35.000000,125.415000,0.380000,3374.819229,11564.071374,4231.094346,63.068298,118.613083,66.535926,5700.057198,47.200634,605.944247,82.673220,397.388395,55.562087,194.190153,nan,8,0,0,
ekf_pr_only,29,14.749999,-1637045.071828,5036955.867300,3547440.677384,-79.168429,197.469326,60.940775,544.349881,55.505885,-1637088.624414,5036352.062664,3547242.410197,-85.000000,120.000000,35.000000,125.605000,0.380000,3642.573983,12319.141251,4569.590141,60.803843,116.902825,64.840488,6042.220197,46.858096,637.013928,81.904991,418.744881,55.125885,188.333111,nan,8,0,0,
ekf_pr_only,30,15.249999,-1637085.380133,5037054.206052,3547465.937218,-79.239438,197.485328,60.362597,571.214505,55.447527,-1637131.124414,5036412.062664,3547259.910197,-85.000000,120.000000,35.000000,125.795000,0.380000,4001.342458,13218.990520,4984.243386,59.761705,116.132006,64.026112,6442.525584,46.715001,675.934763,81.733845,445.419505,55.067527,127.383071,nan,8,0,0,
ekf_pr_only,31,15.749999,-1637124.999852,5037152.948716,3547496.118517,-79.239438,197.485328,60.362597,598.938268,55.447527,-1637173.624414,5036472.062664,3547277.410197,-85.000000,120.000000,35.000000,125.985000,0.380000,4466.352830,14262.050899,5492.118467,59.812330,116.182631,64.076737,6896.089609,46.725001,716.800874,81.733845,472.953268,55.067527,nan,nan,0,1,0,prediction only: fewer than 4 valid satellites
ekf_pr_only,32,16.249999,-1637164.619571,5037251.691380,3547526.299815,-79.239438,197.485328,60.362597,626.662031,55.447527,-1637216.124414,5036532.062664,3547294.910197,-85.000000,120.000000,35.000000,126.175000,0.380000,4961.269367,15363.202594,6032.031916,59.862955,116.233256,64.127362,7373.016134,46.735001,757.667073,81.733845,500.487032,55.067527,nan,nan,0,1,0,prediction only: fewer than 4 valid satellites
ekf_pr_only,33,16.749999,-1637204.239290,5037350.434044,3547556.481114,-79.239438,197.485328,60.362597,654.385795,55.447527,-1637258.624414,5036592.062664,3547312.410197,-85.000000,120.000000,35.000000,126.365000,0.380000,5486.117382,16522.470916,6604.009046,59.913580,116.283881,64.177987,7873.310160,46.745001,798.533346,81.733845,528.020795,55.067527,nan,nan,0,1,0,prediction only: fewer than 4 valid satellites
ekf_pr_only,34,17.249999,-1637243.859009,5037449.176708,3547586.662413,-79.239438,197.485328,60.362597,682.109558,55.447527,-1637301.124414,5036652.062664,3547329.910197,-85.000000,120.000000,35.000000,126.555000,0.380000,6040.922186,17739.881180,7208.075169,59.964205,116.334506,64.228612,8396.976686,46.755001,839.399682,81.733845,555.554559,55.067527,nan,nan,0,1,0,prediction only: fewer than 4 valid satellites
ekf_pr_only,35,17.749999,-1637283.587596,5037551.674308,3547614.662663,-79.251663,197.828097,60.155873,709.789532,55.436228,-1637343.624414,5036712.062664,3547347.410197,-85.000000,120.000000,35.000000,126.745000,0.380000,6580.756895,18970.049977,7805.271401,59.644959,116.104795,63.956935,8929.015467,46.706101,883.162507,81.994353,583.044532,55.056228,557.228034,nan,8,0,0,large pseudorange innovation
ekf_pr_only,36,18.249999,-1637322.485495,5037621.114852,3547649.390841,-79.165446,195.759916,60.802456,722.558171,54.539343,-1637386.124414,5036772.062664,3547364.910197,-85.000000,120.000000,35.000000,126.935000,0.380000,6637.170948,19711.611239,8070.871013,55.478427,112.605932,60.869478,9322.711857,46.053756,897.701937,80.245708,595.623171,54.159343,393.598123,nan,8,0,0,large pseudorange innovation
ekf_pr_only,37,18.749999,-1637369.008713,5037519.997272,3547631.230190,-79.527636,183.071416,58.443326,622.337355,46.969267,-1637428.624414,5036832.062664,3547382.410197,-85.000000,120.000000,35.000000,127.125000,0.380000,3720.601220,16219.060304,5793.128529,30.858556,87.991980,40.610689,8118.361135,39.628882,733.975099,67.509553,495.212355,46.589267,256.650219,nan,8,0,0,
ekf_pr_only,38,19.249999,-1637407.277067,5037474.124092,3547661.566241,-79.306755,174.458965,59.669415,558.299883,41.854416,-1637471.124414,5036892.062664,3547399.910197,-85.000000,120.000000,35.000000,127.315000,0.380000,2718.159847,14133.628899,4817.350284,22.236961,73.919663,31.953510,7353.858253,35.286012,641.354718,60.056407,430.984883,41.474416,257.216393,nan,8,0,0,
ekf_pr_only,39,19.749999,-1637450.822193,5037557.304016,3547688.548947,-79.612951,174.319180,59.516404,572.637632,41.460200,-1637513.624414,5036952.062664,3547417.410197,-85.000000,120.000000,35.000000,127.505000,0.380000,2796.044352,14635.098546,4941.858366,21.383764,72.439136,30.757665,7615.127124,34.698334,666.166222,59.838513,445.132633,41.080200,118.599536,nan,8,0,0,
ekf_pr_only,40,20.249999,-1637503.556660,5037579.881705,3547692.922341,-80.540710,170.578213,58.076976,547.377651,38.855638,-1637556.124414,5037012.062664,3547434.910197,-85.000000,120.000000,35.000000,127.695000,0.380000,2242.383266,13355.490667,4173.570868,16.926248,64.173091,25.087856,7064.990316,31.506965,625.901030,55.772643,419.682652,38.475638,130.434634,nan,8,0,0,
ekf_pr_only,41,20.749999,-1637536.371765,5037614.927846,3547704.191920,-79.939970,167.916233,57.193976,522.798694,36.398479,-1637598.624414,5037072.062664,3547452.410197,-85.000000,120.000000,35.000000,127.885000,0.380000,1899.967107,12358.499955,3772.070125,14.119914,57.818439,21.818126,6593.683376,28.788139,601.641118,53.048486,394.913694,36.018479,131.264331,nan,8,0,0,
ekf_pr_only,42,21.249999,-1637575.632805,5037691.315713,3547725.293727,-79.875246,167.514680,56.705099,534.829937,36.064896,-1637641.124414,5037132.062664,3547469.910197,-85.000000,120.000000,35.000000,128.075000,0.380000,1969.774625,12810.735076,3914.512311,13.781429,56.969279,21.391422,6826.720093,28.374682,618.283003,52.488277,406.754937,35.684896,100.704495,nan,8,0,0,
ekf_pr_doppler,0,0.249999,nan,nan,nan,nan,nan,nan,nan,nan,-1635856.124414,5034612.062664,3546734.910197,-85.000000,120.000000,35.000000,120.095000,0.380000,nan,nan,nan,nan,nan,nan,nan,nan,nan,nan,nan,nan,nan,nan,0,1,0,pre-init epoch before first valid WLS initialization
ekf_pr_doppler,1,0.749999,nan,nan,nan,nan,nan,nan,nan,nan,-1635898.624414,5034672.062664,3546752.410197,-85.000000,120.000000,35.000000,120.285000,0.380000,nan,nan,nan,nan,nan,nan,nan,nan,nan,nan,nan,nan,nan,nan,0,1,0,pre-init epoch before first valid WLS initialization
ekf_pr_doppler,2,1.249999,nan,nan,nan,nan,nan,nan,nan,nan,-1635941.124414,5034732.062664,3546769.910197,-85.000000,120.000000,35.000000,120.475000,0.380000,nan,nan,nan,nan,nan,nan,nan,nan,nan,nan,nan,nan,nan,nan,0,1,0,pre-init epoch before first valid WLS initialization
ekf_pr_doppler,3,1.749999,nan,nan,nan,nan,nan,nan,nan,nan,-1635983.624414,5034792.062664,3546787.410197,-85.000000,120.000000,35.000000,120.665000,0.380000,nan,nan,nan,nan,nan,nan,nan,nan,nan,nan,nan,nan,nan,nan,0,1,0,pre-init epoch before first valid WLS initialization
ekf_pr_doppler,4,2.249999,nan,nan,nan,nan,nan,nan,nan,nan,-1636026.124414,5034852.062664,3546804.910197,-85.000000,120.000000,35.000000,120.855000,0.380000,nan,nan,nan,nan,nan,nan,nan,nan,nan,nan,nan,nan,nan,nan,0,1,0,pre-init epoch before first valid WLS initialization
ekf_pr_doppler,5,2.749999,nan,nan,nan,nan,nan,nan,nan,nan,-1636068.624414,5034912.062664,3546822.410197,-85.000000,120.000000,35.000000,121.045000,0.380000,nan,nan,nan,nan,nan,nan,nan,nan,nan,nan,nan,nan,nan,nan,0,1,0,pre-init epoch before first valid WLS initialization
ekf_pr_doppler,6,3.249999,-1636202.230522,5034774.461896,3546760.458094,-84.684452,120.080316,35.067571,-16.786319,0.586369,-1636111.124414,5034972.062664,3546839.910197,-85.000000,120.000000,35.000000,121.235000,0.380000,21768.961754,19694.126918,16687.679922,0.052473,0.164024,0.095058,5398.410305,0.135075,231.644173,0.332546,-138.021318,0.206369,33.216192,25.661027,8,0,0,
ekf_pr_doppler,7,3.749999,-1636187.572033,5034872.086208,3546785.734371,-84.811416,119.828108,34.935442,-2.279276,0.336514,-1636153.624414,5035032.062664,3546857.410197,-85.000000,120.000000,35.000000,121.425000,0.380000,4560.441581,7899.806954,4086.645310,0.017741,0.034218,0.018132,4133.108680,0.026914,178.556241,0.263208,-123.704276,-0.043486,47.585675,0.067787,8,0,0,
ekf_pr_doppler,8,4.249999,-1636191.756328,5034976.100802,3546821.089410,-84.853309,119.787846,34.874422,13.362707,0.248753,-1636196.124414,5035092.062664,3546874.910197,-85.000000,120.000000,35.000000,121.615000,0.380000,2522.818759,6006.630669,2806.190243,0.013671,0.026260,0.012711,3482.065968,0.019154,127.917593,0.286876,-108.252293,-0.131247,41.815777,0.052977,8,0,0,
ekf_pr_doppler,9,4.749999,-1636240.880350,5035057.652724,3546839.738580,-84.874846,119.874159,34.915276,24.732609,0.294039,-1636238.624414,5035152.062664,3546892.410197,-85.000000,120.000000,35.000000,121.805000,0.380000,1768.176175,5058.516780,2258.294193,0.011312,0.024247,0.012434,3052.263356,0.017016,108.132443,0.196666,-97.072390,-0.085961,83.881606,0.031799,8,0,0,
ekf_pr_doppler,10,5.249999,-1636285.198536,5035115.312980,3546860.147485,-84.899678,119.872929,34.889646,30.851325,0.286287,-1636281.124414,5035212.062664,3546909.910197,-85.000000,120.000000,35.000000,121.995000,0.380000,1389.760361,4494.532526,1972.081798,0.009283,0.022300,0.011556,2766.431286,0.015635,108.873447,0.195933,-91.143675,-0.093713,40.148390,0.017946,8,0,0,
ekf_pr_doppler,11,5.749999,-1636325.416206,5035183.473663,3546878.529384,-84.872871,119.926031,34.902461,34.734022,0.308761,-1636323.624414,5035272.062664,3546927.410197,-85.000000,120.000000,35.000000,122.185000,0.380000,1142.345197,4017.930440,1741.646328,0.007271,0.020450,0.012293,2533.096673,0.014529,101.195630,0.176485,-87.450977,-0.071239,48.344261,0.025143,8,0,0,
ekf_pr_doppler,12,6.249999,-1636369.466724,5035244.597020,3546898.551419,-84.891568,119.919856,34.832229,36.829246,0.265647,-1636366.124414,5035332.062664,3546944.910197,-85.000000,120.000000,35.000000,122.375000,0.380000,1102.789629,3937.702645,1702.823807,0.012831,0.032348,0.021647,2492.321802,0.019454,99.048202,0.215238,-85.545753,-0.114353,67.219902,0.069821,8,0,0,
ekf_pr_doppler,13,6.749999,-1636410.290902,5035306.653629,3546916.450347,-84.886056,119.945361,34.838702,38.310029,0.283911,-1636408.624414,5035392.062664,3546962.410197,-85.000000,120.000000,35.000000,122.565000,0.380000,1061.215508,3865.354467,1671.509989,0.013003,0.039243,0.025816,2454.759194,0.022701,97.004063,0.204904,-84.254970,-0.096089,157.128190,0.032431,8,0,0,
ekf_pr_doppler,14,7.249999,-1636448.182040,5035374.211617,3546937.562395,-84.965528,119.964154,34.884713,43.525222,0.320921,-1636451.124414,5035452.062664,3546979.910197,-85.000000,120.000000,35.000000,122.755000,0.380000,861.019078,3515.653361,1509.631786,0.003562,0.018542,0.013818,2264.960636,0.013464,88.672315,0.125556,-79.229777,-0.059079,33.138687,0.050082,8,0,0,
ekf_pr_doppler,15,7.749999,-1636487.018343,5035432.321664,3546952.896794,-84.965788,119.936216,34.916014,41.396920,0.305713,-1636493.624414,5035512.062664,3546997.410197,-85.000000,120.000000,35.000000,122.945000,0.380000,832.870569,3447.880732,1481.571031,0.009421,0.029969,0.022512,2231.305014,0.018232,91.562603,0.110871,-81.548080,-0.074287,156.690605,0.062596,8,0,0,
ekf_pr_doppler,16,8.249999,-1636540.745538,5035487.611776,3546968.177617,-84.995860,119.974055,34.869622,40.071207,0.295429,-1636536.124414,5035572.062664,3547014.910197,-85.000000,120.000000,35.000000,123.135000,0.380000,683.298874,3106.011598,1332.765370,0.002197,0.015353,0.013105,2030.801527,0.011043,96.629402,0.132999,-83.063793,-0.084571,63.058335,0.040645,8,0,0,
ekf_pr_doppler,17,8.749999,-1636580.861557,5035560.029305,3546992.773395,-85.011152,119.948540,34.890551,51.994866,0.297294,-1636578.624414,5035632.062664,3547032.410197,-85.000000,120.000000,35.000000,123.325000,0.380000,574.283054,2813.857769,1199.739732,0.002107,0.011889,0.011789,1850.753483,0.009315,82.248925,0.121456,-71.330134,-0.082706,78.440817,0.016060,8,0,0,
ekf_pr_doppler,18,9.249999,-1636621.881326,5035631.496452,3547016.105669,-85.013144,119.958067,34.891309,62.330174,0.303336,-1636621.124414,5035692.062664,3547049.910197,-85.000000,120.000000,35.000000,123.515000,0.380000,492.936191,2524.328936,1077.037283,0.002250,0.012305,0.010122,1677.686380,0.008969,69.365590,0.117238,-61.184826,-0.076664,26.853778,0.026003,8,0,0,
ekf_pr_doppler,19,9.749999,-1636665.224213,5035696.356943,3547036.978130,-85.019219,119.962450,34.929497,69.651453,0.335655,-1636663.624414,5035752.062664,3547067.410197,-85.000000,120.000000,35.000000,123.705000,0.380000,433.855675,2285.813411,979.087462,0.002421,0.010539,0.008687,1531.734459,0.007704,63.496436,0.082159,-54.053546,-0.044345,68.320466,0.021953,8,0,0,
ekf_pr_doppler,20,10.249999,-1636708.065099,5035756.027001,3547054.632372,-85.033472,119.972690,34.949752,69.415538,0.329246,-1636706.124414,5035812.062664,3547084.910197,-85.000000,120.000000,35.000000,123.895000,0.380000,429.474401,2259.229227,967.879672,0.020990,0.026879,0.018078,1518.610248,0.015522,63.722119,0.066265,-54.479462,-0.050754,446.612341,0.791682,8,0,0,large pseudorange innovation
ekf_pr_doppler,21,10.749999,-1636747.030669,5035826.899651,3547078.748690,-85.020136,119.926047,34.955480,76.717029,0.326301,-1636748.624414,5035872.062664,3547102.410197,-85.000000,120.000000,35.000000,124.085000,0.380000,403.652545,2125.518040,890.094760,0.008026,0.030732,0.008279,1448.795961,0.022191,51.010829,0.088638,-47.367971,-0.053699,998.192731,0.154507,8,0,0,large pseudorange innovation
ekf_pr_doppler,22,11.249999,-1636789.164611,5035887.640324,3547092.193869,-85.033439,119.922664,34.934374,75.253432,0.306817,-1636791.124414,5035932.062664,3547119.910197,-85.000000,120.000000,35.000000,124.275000,0.380000,381.834419,2016.369869,826.510245,0.007487,0.038647,0.007941,1394.148635,0.028194,52.396373,0.106797,-49.021568,-0.073183,566.373647,0.428666,8,0,0,large pseudorange innovation
ekf_pr_doppler,23,11.749999,-1636832.280316,5035946.184983,3547109.339612,-85.022081,119.926495,34.973353,74.533255,0.312041,-1636833.624414,5035992.062664,3547137.410197,-85.000000,120.000000,35.000000,124.465000,0.380000,379.077528,2003.660285,819.539044,0.023076,0.054991,0.019634,1387.879417,0.035506,53.800799,0.081245,-49.931744,-0.067959,1972.483007,0.524539,8,0,0,large pseudorange innovation
ekf_pr_doppler,24,12.249999,-1636873.786356,5036007.224107,3547128.270373,-84.990979,119.857163,34.980908,76.144094,0.306014,-1636876.124414,5036052.062664,3547154.910197,-85.000000,120.000000,35.000000,124.655000,0.380000,376.482838,1990.989183,812.148602,0.028760,0.066927,0.020625,1381.460834,0.042626,52.207690,0.144389,-48.510905,-0.073986,1075.896206,0.904505,8,0,0,large pseudorange innovation
ekf_pr_doppler,25,12.749999,-1636916.365464,5036068.325485,3547145.455998,-84.994221,119.889458,34.996890,76.499049,0.339807,-1636918.624414,5036112.062664,3547172.410197,-85.000000,120.000000,35.000000,124.845000,0.380000,371.949587,1949.453188,793.270645,0.017621,0.065722,0.028790,1349.590823,0.034672,51.425407,0.110737,-48.345951,-0.040193,214.113443,0.065729,8,0,0,
ekf_pr_doppler,26,13.249999,-1636955.985637,5036139.477969,3547168.679368,-85.034915,119.997825,34.999500,82.746955,0.401596,-1636961.124414,5036172.062664,3547189.910197,-85.000000,120.000000,35.000000,125.035000,0.380000,335.539280,1782.373711,709.146104,0.003294,0.017807,0.006455,1229.149211,0.010831,39.229039,0.034987,-42.288044,0.021596,50.118251,0.057882,8,0,0,
ekf_pr_doppler,27,13.749999,-1636998.353681,5036199.202335,3547185.583691,-84.975805,119.961304,34.999375,81.694908,0.373260,-1637003.624414,5036232.062664,3547207.410197,-85.000000,120.000000,35.000000,125.225000,0.380000,331.968051,1765.379897,699.683503,0.011273,0.030798,0.017079,1216.943547,0.015385,39.799223,0.045642,-43.530091,-0.006740,192.468701,0.072374,8,0,0,
ekf_pr_doppler,28,14.249999,-1637041.157472,5036259.989833,3547203.476027,-85.030210,119.884697,35.006037,82.545082,0.359259,-1637046.124414,5036292.062664,3547224.910197,-85.000000,120.000000,35.000000,125.415000,0.380000,329.026682,1748.098538,690.393705,0.011970,0.037481,0.020029,1204.705955,0.018184,38.894224,0.119348,-42.869918,-0.020741,137.006489,0.104220,8,0,0,
ekf_pr_doppler,29,14.749999,-1637082.861426,5036319.836516,3547221.211898,-85.008989,119.904872,34.964124,82.811723,0.383939,-1637088.624414,5036352.062664,3547242.410197,-85.000000,120.000000,35.000000,125.605000,0.380000,326.735426,1736.583292,683.380635,0.014500,0.045823,0.025777,1196.076437,0.021864,39.001340,0.102065,-42.793276,0.003939,77.391075,0.067955,8,0,0,
ekf_pr_doppler,30,15.249999,-1637125.237578,5036380.339036,3547238.275570,-85.037536,119.979123,35.039036,83.255165,0.357142,-1637131.124414,5036412.062664,3547259.910197,-85.000000,120.000000,35.000000,125.795000,0.380000,325.690331,1730.941098,679.761042,0.026184,0.060305,0.038118,1191.383246,0.026893,38.847143,0.058040,-42.539835,-0.022858,189.846045,0.144687,8,0,0,
ekf_pr_doppler,31,15.749999,-1637167.756346,5036440.328598,3547255.795088,-85.037536,119.979123,35.039036,83.433736,0.357142,-1637173.624414,5036472.062664,3547277.410197,-85.000000,120.000000,35.000000,125.985000,0.380000,325.696163,1732.164611,679.312872,0.076809,0.110930,0.088743,1191.090661,0.036893,38.841964,0.058040,-42.551264,-0.022858,nan,nan,0,1,0,prediction only: fewer than 4 valid satellites
ekf_pr_doppler,32,16.249999,-1637210.275113,5036500.318159,3547273.314606,-85.037536,119.979123,35.039036,83.612306,0.357142,-1637216.124414,5036532.062664,3547294.910197,-85.000000,120.000000,35.000000,126.175000,0.380000,325.740399,1733.443589,678.909074,0.127434,0.161555,0.139368,1190.816523,0.046893,38.836805,0.058040,-42.562693,-0.022858,nan,nan,0,1,0,prediction only: fewer than 4 valid satellites
ekf_pr_doppler,33,16.749999,-1637252.793881,5036560.307721,3547290.834124,-85.037536,119.979123,35.039036,83.790877,0.357142,-1637258.624414,5036592.062664,3547312.410197,-85.000000,120.000000,35.000000,126.365000,0.380000,325.848353,1734.803345,678.574959,0.178059,0.212180,0.189993,1190.565832,0.056893,38.831668,0.058040,-42.574122,-0.022858,nan,nan,0,1,0,prediction only: fewer than 4 valid satellites
ekf_pr_doppler,34,17.249999,-1637295.312649,5036620.297282,3547308.353642,-85.037536,119.979123,35.039036,83.969448,0.357142,-1637301.124414,5036652.062664,3547329.910197,-85.000000,120.000000,35.000000,126.555000,0.380000,326.045335,1736.269190,678.335841,0.228684,0.262805,0.240618,1190.343586,0.066893,38.826552,0.058040,-42.585551,-0.022858,nan,nan,0,1,0,prediction only: fewer than 4 valid satellites
ekf_pr_doppler,35,17.749999,-1637337.636040,5036680.917069,3547325.885377,-84.951502,120.059812,34.991376,84.333342,0.362008,-1637343.624414,5036712.062664,3547347.410197,-85.000000,120.000000,35.000000,126.745000,0.380000,325.132090,1727.039341,674.782372,0.114910,0.167175,0.130337,1183.175724,0.061940,38.330491,0.077485,-42.411657,-0.017992,697.999998,0.202333,8,0,0,large pseudorange innovation
ekf_pr_doppler,36,18.249999,-1637379.798183,5036741.017231,3547344.009104,-84.921720,119.910998,35.100697,84.906811,0.415662,-1637386.124414,5036772.062664,3547364.910197,-85.000000,120.000000,35.000000,126.935000,0.380000,318.439627,1708.510719,667.394046,0.017402,0.076869,0.032768,1168.505772,0.039446,37.956499,0.155528,-42.028189,0.035662,184.650161,0.159287,8,0,0,
ekf_pr_doppler,37,18.749999,-1637423.082486,5036797.315933,3547361.780106,-84.966691,119.873027,34.970881,84.586019,0.316642,-1637428.624414,5036832.062664,3547382.410197,-85.000000,120.000000,35.000000,127.125000,0.380000,294.193259,1598.678438,622.373834,0.003807,0.016872,0.005642,1088.915947,0.008357,40.787853,0.134460,-42.538980,-0.063358,39.534767,0.068486,8,0,0,
ekf_pr_doppler,38,19.249999,-1637465.148020,5036860.674851,3547384.067536,-84.975759,119.941203,34.978016,88.340236,0.352316,-1637471.124414,5036892.062664,3547399.910197,-85.000000,120.000000,35.000000,127.315000,0.380000,278.930741,1513.814789,586.799775,0.004207,0.013759,0.005412,1027.147951,0.006990,35.663735,0.067291,-38.974764,-0.027684,80.191909,0.029779,8,0,0,
ekf_pr_doppler,39,19.749999,-1637507.591065,5036922.802030,3547402.248717,-84.949476,119.969355,35.005578,89.383512,0.367163,-1637513.624414,5036952.062664,3547417.410197,-85.000000,120.000000,35.000000,127.505000,0.380000,276.652900,1501.302584,580.861923,0.010903,0.025090,0.012524,1018.266110,0.012111,33.503082,0.059354,-38.121488,-0.012837,91.099371,0.037635,8,0,0,
ekf_pr_doppler,40,20.249999,-1637551.006582,5036986.688791,3547422.612028,-84.959944,120.000331,35.026339,93.020285,0.401080,-1637556.124414,5037012.062664,3547434.910197,-85.000000,120.000000,35.000000,127.695000,0.380000,264.357573,1443.550626,554.962688,0.004373,0.016065,0.005993,978.421519,0.008943,28.657818,0.047940,-34.674715,0.021080,48.162843,0.021056,8,0,0,
ekf_pr_doppler,41,20.749999,-1637591.940406,5037051.302986,3547443.337024,-84.961471,119.984617,35.022003,96.060346,0.386764,-1637598.624414,5037072.062664,3547452.410197,-85.000000,120.000000,35.000000,127.885000,0.380000,253.458813,1394.608249,535.287062,0.004147,0.014262,0.005871,944.090280,0.008296,23.621234,0.046960,-31.824653,0.006764,35.801258,0.032333,8,0,0,
ekf_pr_doppler,42,21.249999,-1637633.907352,5037112.775668,3547460.736210,-84.986673,119.966184,34.958259,97.292411,0.379436,-1637641.124414,5037132.062664,3547469.910197,-85.000000,120.000000,35.000000,128.075000,0.380000,251.696431,1386.310396,532.039749,0.010081,0.025911,0.015160,938.746373,0.013291,22.544095,0.055348,-30.782589,-0.000564,141.776370,0.059018,8,0,0,
